1,Vlad,Burcea,vladburcea@gmail.com,43243322
12,John,Putin,JohnPutin@gmail.com,765272504
13,Abraham,Ibrahimovich,AbrahamIbrahimovich@gmail.com,765512106
14,Andrew,Putin,AndrewPutin@gmail.com,765965523
15,Alex,Ibrahimovich,AlexIbrahimovich@gmail.com,765488467
16,Alex,Lincoln,AlexLincoln@gmail.com,765639993
17,Vlad,Jhonson,VladJhonson@gmail.com,765104542
18,Andrew,Jhonson,AndrewJhonson@gmail.com,765338220
19,Simon,Lincoln,SimonLincoln@gmail.com,765612666
20,Ethan,Ibrahimovich,EthanIbrahimovich@gmail.com,765818134
21,Ethan,Jhonson,EthanJhonson@gmail.com,765811263
